{"cameraMode":{"drawMode":0,"name":"Shaded","section":"Shading Mode"},"sceneLighting":false,"audioPlay":false,"sceneViewState":{"m_AlwaysRefresh":false,"showFog":true,"showSkybox":false,"showFlares":true,"showImageEffects":true,"showParticleSystems":true,"showVisualEffectGraphs":true,"m_FxEnabled":true},"in2DMode":false,"pivot":{"x":-8.185080528259278,"y":1.0705294609069825,"z":1.0069409608840943},"rotation":{"x":0.02581917867064476,"y":0.9569255113601685,"z":-0.2750295400619507,"w":0.09205447137355805},"size":1.2790424823760987,"orthographic":false}