{"cameraMode":{"drawMode":0,"name":"Shaded","section":"Shading Mode"},"sceneLighting":true,"audioPlay":false,"sceneViewState":{"m_AlwaysRefresh":false,"showFog":true,"showSkybox":true,"showFlares":true,"showImageEffects":true,"showParticleSystems":true,"showVisualEffectGraphs":true,"m_FxEnabled":true},"in2DMode":false,"pivot":{"x":-0.2974311113357544,"y":-0.23473423719406129,"z":0.05128166079521179},"rotation":{"x":-0.5935712456703186,"y":0.15002404153347016,"z":-0.11372720450162888,"w":-0.7827327847480774},"size":12.204469680786133,"orthographic":false}