{"cameraMode":{"drawMode":0,"name":"Shaded","section":"Shading Mode"},"sceneLighting":true,"audioPlay":false,"sceneViewState":{"m_AlwaysRefresh":false,"showFog":true,"showSkybox":true,"showFlares":true,"showImageEffects":true,"showParticleSystems":true,"showVisualEffectGraphs":true,"m_FxEnabled":true},"in2DMode":false,"pivot":{"x":-0.5379509925842285,"y":0.4614982604980469,"z":-0.06372727453708649},"rotation":{"x":0.49553346633911135,"y":-0.0011895805364474655,"z":-0.00021205896337050945,"w":0.8688728213310242},"size":11.764120101928711,"orthographic":false}